{
  "name": "vue3-admin",
  "version": "1.0.1",
  "private": true,
  "scripts": {
    "dev": "vite",
    "build": "vue-tsc --noEmit && vite build",
    "serve": "vite preview"
  },
  "dependencies": {
    "@element-plus/icons-vue": "^2.1.0",
    "@vueuse/components": "^9.10.0",
    "@vueuse/core": "^9.10.0",
    "axios": "^0.27.2",
    "echarts": "^5.4.2",
    "element-plus": "^2.2.14",
    "md-editor-v3": "^2.2.1",
    "pinia": "^2.0.20",
    "pinia-plugin-persistedstate": "^3.1.0",
    "svg-sprite-loader": "^6.0.11",
    "vue": "^3.2.37",
    "vue-cropperjs": "^5.0.0",
    "vue-router": "^4.1.3",
    "wangeditor": "^4.7.15",
    "xlsx": "^0.18.5"
  },
  "devDependencies": {
    "@iconify-json/ant-design": "^1.1.5",
    "@iconify-json/el": "^1.1.4",
    "@iconify-json/ep": "^1.1.10",
    "@types/node": "^18.11.18",
    "@vitejs/plugin-vue": "^3.0.0",
    "@vue/compiler-sfc": "^3.1.2",
    "autoprefixer": "^10.4.14",
    "iconify-icon": "^1.0.7",
    "postcss": "^8.4.23",
    "sass": "^1.57.1",
    "tailwindcss": "^3.3.1",
    "typescript": "^4.6.4",
    "unplugin-auto-import": "^0.11.2",
    "unplugin-icons": "^0.16.1",
    "unplugin-vue-components": "^0.22.4",
    "vite": "^3.0.0",
    "vite-plugin-vue-setup-extend": "^0.4.0",
    "vue-tsc": "^0.38.4"
  },
  "browserslist": [
    "> 1%",
    "last 2 versions",
    "not dead"
  ]
}