[
	{
		"id": 1,
		"warnMsg": "2022-04-25 14:09-23:09 预约人数 1,006 人次，已达到最大承载量的 99 %",
		"label": "峨眉山"
	},
	{
		"id": 2,
		"warnMsg": "2022-04-12 19:30-20:30 预约人数 66,666 人次，已达到最大承载量的 25 %",
		"label": "稻城亚丁"
	},
	{
		"id": 3,
		"warnMsg": "2022-04-09 14:09-23:09 预约人数 5,813 人次，已达到最大承载量的 3 %",
		"label": "九寨沟"
	},
	{
		"id": 4,
		"warnMsg": "2022-04-07 22:39-23:39 预约人数 999 人次，已达到最大承载量的 13 %",
		"label": "万里长城"
	},
	{
		"id": 5,
		"warnMsg": "2022-03-29 09:00-12:00 预约人数 123,368 人次，已达到最大承载量的 46 %",
		"label": "北京故宫"
	},
	{
		"id": 6,
		"warnMsg": "2022-03-29 09:00-12:00 预约人数 869 人次，已达到最大承载量的 95 %",
		"label": "阆中古城"
	},
	{
		"id": 7,
		"warnMsg": "2022-03-29 09:00-12:00 预约人数 6,985 人次，已达到最大承载量的 80 %",
		"label": "乐山大佛"
	},
	{
		"id": 8,
		"warnMsg": "2022-03-29 09:00-12:00 预约人数 25,696 人次，已达到最大承载量的 70 %",
		"label": "阿坝州黄龙"
	},
	{
		"id": 9,
		"warnMsg": "2022-03-29 09:00-12:00 预约人数 45,987 人次，已达到最大承载量的 55 %",
		"label": "青城山"
	}
]
